group	source_file
capability	results/per_run/C1_full_ccs_20260810_164533.json
capability	results/per_run/C2_full_ccs_20260810_171806.json
capability	results/per_run/C3_full_ccs_20260810_172222.json
capability	results/per_run/EASY_01_full_ccs_20260810_161219.json
capability	results/per_run/EASY_02_full_ccs_20260810_155917.json
capability	results/per_run/EASY_04_full_ccs_20260810_155444.json
capability	results/per_run/F1_full_ccs_20260810_164207.json
capability	results/per_run/F2_full_ccs_20260810_165724.json
capability	results/per_run/F3_full_ccs_20260810_170155.json
capability	results/per_run/F4_full_ccs_20260810_170612.json
capability	results/per_run/GEN_01_full_ccs_20260810_160822.json
capability	results/per_run/GEN_03_full_ccs_20260810_154919.json
capability	results/per_run/M1_full_ccs_20260810_172714.json
capability	results/per_run/P1_full_ccs_20260810_163738.json
capability	results/per_run/P2_full_ccs_20260810_164917.json
capability	results/per_run/P3_full_ccs_20260810_165322.json
capability	results/per_run/S1_full_ccs_20260810_170955.json
capability	results/per_run/S2_full_ccs_20260810_171343.json
capability	results/per_run/SAN_03_full_ccs_20260810_160402.json
capability	results/per_run/SAN_04_full_ccs_20260810_154429.json
validation/main_panel	results/per_run/VAL_01_full_ccs_20260810_175733.json
validation/main_panel	results/per_run/VAL_02_full_ccs_20260810_180745.json
validation/main_panel	results/per_run/VAL_03_full_ccs_20260810_182124.json
validation/main_panel	results/per_run/VAL_04_full_ccs_20260810_183915.json
validation/main_panel	results/per_run/VAL_05_full_ccs_20260810_185356.json
validation/main_panel	results/per_run/VAL_06_full_ccs_20260810_192510.json
validation/main_panel	results/per_run/VAL_07_full_ccs_20260810_193730.json
validation/main_panel	results/per_run/VAL_08_full_ccs_20260810_194443.json
validation/main_panel	results/per_run/VAL_09_full_ccs_20260810_195010.json
validation/main_panel	results/per_run/VAL_10_full_ccs_20260810_202657.json
validation/repeatability	results/per_run/VAL_01_full_ccs_qwen3_30b-a3b_20260817_180241.json
validation/repeatability	results/per_run/VAL_01_full_ccs_qwen3_30b-a3b_20260817_181226.json
validation/repeatability	results/per_run/VAL_01_full_ccs_qwen3_30b-a3b_20260817_182656.json
validation/repeatability	results/per_run/VAL_01_full_ccs_qwen3_30b-a3b_20260817_184113.json
validation/repeatability	results/per_run/VAL_01_full_ccs_qwen3_30b-a3b_20260817_190748.json
validation/repeatability	results/per_run/VAL_04_full_ccs_qwen3_30b-a3b_20260817_195240.json
validation/repeatability	results/per_run/VAL_04_full_ccs_qwen3_30b-a3b_20260817_195840.json
validation/repeatability	results/per_run/VAL_04_full_ccs_qwen3_30b-a3b_20260817_200511.json
validation/repeatability	results/per_run/VAL_04_full_ccs_qwen3_30b-a3b_20260817_201303.json
validation/repeatability	results/per_run/VAL_04_full_ccs_qwen3_30b-a3b_20260817_201935.json
validation/repeatability	results/per_run/VAL_06_full_ccs_qwen3_30b-a3b_20260817_204752.json
validation/repeatability	results/per_run/VAL_06_full_ccs_qwen3_30b-a3b_20260817_205750.json
validation/repeatability	results/per_run/VAL_06_full_ccs_qwen3_30b-a3b_20260817_212243.json
validation/repeatability	results/per_run/VAL_06_full_ccs_qwen3_30b-a3b_20260817_213353.json
validation/repeatability	results/per_run/VAL_06_full_ccs_qwen3_30b-a3b_20260817_214213.json
validation/repeatability	results/per_run/VAL_09_full_ccs_qwen3_30b-a3b_20260817_223630.json
validation/repeatability	results/per_run/VAL_09_full_ccs_qwen3_30b-a3b_20260817_223724.json
validation/repeatability	results/per_run/VAL_09_full_ccs_qwen3_30b-a3b_20260817_223819.json
validation/repeatability	results/per_run/VAL_09_full_ccs_qwen3_30b-a3b_20260817_223914.json
validation/repeatability	results/per_run/VAL_09_full_ccs_qwen3_30b-a3b_20260817_224008.json
specification_density	results/per_run/VAL_01_L0_full_ccs_20260811_173537.json
specification_density	results/per_run/VAL_01_L1_full_ccs_20260812_124853.json
specification_density	results/per_run/VALS_01_full_ccs_20260812_133717.json
specification_density	results/per_run/VAL_03_L0_full_ccs_20260811_182320.json
specification_density	results/per_run/VAL_03_L1_full_ccs_20260812_131604.json
specification_density	results/per_run/VALS_03_full_ccs_20260812_141211.json
specification_density	results/per_run/VAL_04_L0_full_ccs_20260811_224120.json
specification_density	results/per_run/VAL_04_L1_full_ccs_20260812_132953.json
specification_density	results/per_run/VALS_04_full_ccs_20260812_151927.json
model_substitution	results/per_run/VAL_01_L1_full_ccs_20260812_124853.json
model_substitution	results/per_run/VAL_03_L1_full_ccs_20260812_131604.json
model_substitution	results/per_run/VAL_04_L1_full_ccs_20260812_132953.json
model_substitution	results/per_run/VAL_01_L1_full_ccs_deepseek-r1_32b_20260813_044739.json
model_substitution	results/per_run/VAL_03_L1_full_ccs_deepseek-r1_32b_20260813_050349.json
model_substitution	results/per_run/VAL_04_L1_full_ccs_deepseek-r1_32b_20260813_052905.json
model_substitution	results/per_run/VAL_01_L1_full_ccs_gemma3_27b_20260813_053406.json
model_substitution	results/per_run/VAL_03_L1_full_ccs_gemma3_27b_20260813_054106.json
model_substitution	results/per_run/VAL_04_L1_full_ccs_gemma3_27b_20260813_054922.json
model_substitution	results/per_run/VAL_01_L1_full_ccs_mistral-small3.2_24b_20260813_055346.json
model_substitution	results/per_run/VAL_03_L1_full_ccs_mistral-small3.2_24b_20260813_055840.json
model_substitution	results/per_run/VAL_04_L1_full_ccs_mistral-small3.2_24b_20260813_060416.json
model_substitution	results/per_run/VAL_01_L1_full_ccs_qwen3_32b_20260813_144441.json
model_substitution	results/per_run/VAL_03_L1_full_ccs_qwen3_32b_20260813_150008.json
model_substitution	results/per_run/VAL_04_L1_full_ccs_qwen3_32b_20260813_162302.json
ablation/component_targeted	results/per_run/VAL_01_full_ccs_qwen3_30b-a3b_20260817_160913.json
ablation/component_targeted	results/per_run/VAL_02_full_ccs_qwen3_30b-a3b_20260817_162949.json
ablation/component_targeted	results/per_run/VAL_03_full_ccs_qwen3_30b-a3b_20260817_170217.json
ablation/component_targeted	results/per_run/VAL_06_full_ccs_qwen3_30b-a3b_20260817_180748.json
ablation/component_targeted	results/per_run/VAL_01_no_physics_qwen3_30b-a3b_20260818_171711.json
ablation/component_targeted	results/per_run/VAL_02_no_physics_qwen3_30b-a3b_20260818_172316.json
ablation/component_targeted	results/per_run/VAL_03_no_physics_qwen3_30b-a3b_20260818_173847.json
ablation/component_targeted	results/per_run/VAL_06_no_physics_qwen3_30b-a3b_20260818_175724.json
ablation/component_targeted	results/per_run/VAL_01_no_coupling_qwen3_30b-a3b_20260818_181626.json
ablation/component_targeted	results/per_run/VAL_02_no_coupling_qwen3_30b-a3b_20260818_182228.json
ablation/component_targeted	results/per_run/VAL_03_no_coupling_qwen3_30b-a3b_20260818_183804.json
ablation/component_targeted	results/per_run/VAL_06_no_coupling_qwen3_30b-a3b_20260818_185642.json
